case_id,region,archetype,model,observed_example,deployment_context,payer,monetization,owner_labor_shape,capital_intensity,why_relevant,source_url,evidence_confidence,observed_at
GC-001,Japan,Small-format space,pay-per-use private work booth,TELECUBE,rail station,individual / company,time-based usage fee,remote booking + periodic maintenance,high,turns ~1.4m² into bookable private space,https://telecube.jp/features/,C1,2026-10-03
GC-002,Japan,Small-format space,pay-per-use private work booth,TELECUBE,airport,individual / company,time-based usage fee,remote booking + periodic maintenance,high,turns ~1.4m² into bookable private space,https://telecube.jp/features/,C1,2026-10-03
GC-003,Japan,Small-format space,pay-per-use private work booth,TELECUBE,office building,individual / company,time-based usage fee,remote booking + periodic maintenance,high,turns ~1.4m² into bookable private space,https://telecube.jp/features/,C1,2026-10-03
GC-004,Japan,Small-format space,pay-per-use private work booth,TELECUBE,cafe / restaurant,individual / company,time-based usage fee,remote booking + periodic maintenance,high,turns ~1.4m² into bookable private space,https://telecube.jp/features/,C1,2026-10-03
GC-005,Japan,Small-format space,pay-per-use private work booth,TELECUBE,department store / shopping center,individual / company,time-based usage fee,remote booking + periodic maintenance,high,turns ~1.4m² into bookable private space,https://telecube.jp/features/,C1,2026-10-03
GC-006,Japan,Small-format space,pay-per-use private work booth,TELECUBE,bank,individual / company,time-based usage fee,remote booking + periodic maintenance,high,turns ~1.4m² into bookable private space,https://telecube.jp/features/,C1,2026-10-03
GC-007,Japan,Small-format space,pay-per-use private work booth,TELECUBE,library / museum,individual / company,time-based usage fee,remote booking + periodic maintenance,high,turns ~1.4m² into bookable private space,https://telecube.jp/features/,C1,2026-10-03
GC-008,Japan,Small-format space,pay-per-use private work booth,TELECUBE,event venue,individual / company,time-based usage fee,remote booking + periodic maintenance,high,turns ~1.4m² into bookable private space,https://telecube.jp/features/,C1,2026-10-03
GC-009,Japan,Small-format space,facility-provided work booth,TELECUBE rental,commercial property tenant amenity,property owner / tenant company,B2B rental / facility contract,scheduled maintenance,high,host monetizes or enhances common space,https://telecube-svc.co.jp/,C1,2026-10-03
GC-010,Japan,Small-format space,private sauna room,Akasaka Sauna,urban private room,individual,time-based reservation,cleaning-heavy but schedulable,high,high-ticket compact private experience,https://www.private-sauna.jp/,C1,2026-10-03
GC-011,Japan,Experience / entertainment,unmanned multi-sports simulator,SIMSPORTS,60m² private room,individual / group,time-based booking,remote + cleaning / troubleshooting,high,unmanned reservation-access leisure,https://simsports.jp/,C1,2026-10-03
GC-012,Japan,Experience / entertainment,unmanned golf simulator room,Bar Golf Club,private simulator room,individual / group,time-based booking,remote + periodic maintenance,high,24h unattended sport experience,https://www.bargolf-club.com/,C1,2026-10-03
GC-013,Japan,Rental asset,power-bank rental station,CHARGESPOT,convenience / retail,individual,time-based rental,redistribution + device maintenance,medium,tiny footprint and urgent demand,https://chargespot.jp/,C1,2026-10-03
GC-014,Japan,Rental asset,power-bank rental station,CHARGESPOT,rail / transit,individual,time-based rental,redistribution + device maintenance,medium,tiny footprint and urgent demand,https://chargespot.jp/,C1,2026-10-03
GC-015,Japan,Rental asset,power-bank rental station,CHARGESPOT,event / theme park,individual,time-based rental,redistribution + device maintenance,medium,tiny footprint and urgent demand,https://chargespot.jp/,C1,2026-10-03
GC-016,Japan,Rental asset,power-bank subscription,CHARGESPOT Pass,network-wide,individual,monthly subscription + usage,network operations,high,recurring revenue layered on asset network,https://chargespot.jp/fee/,C1,2026-10-03
GC-017,Global,Rental asset,white-label power-bank rental network,JUUGO,hospitality / retail network,operator / individual,hardware + SaaS + rental revenue,fleet operations,high,operator tooling is commoditized; distribution is key,https://www.juugotech.com/,C1,2026-10-03
GC-018,Japan,Rental asset,umbrella sharing station,iKasa,rail station,individual,time-based rental / subscription,redistribution + loss management,medium,weather-triggered captive demand,https://www.i-kasa.com/,C1,2026-10-03
GC-019,Japan,Rental asset,umbrella sharing amenity,iKasa,residential building / rail network,resident / transit user,rental or host-sponsored,redistribution + maintenance,medium,embedded amenity with tiny footprint,https://subway.osakametro.co.jp/news/news/other/20250324_i_kasa.php,C1,2026-10-03
GC-020,Korea,Rental asset,IoT umbrella sharing box,Pyeoda,subway station,individual / transit partner,rental fee / partnership,redistribution + loss management,medium,Korean proof of smart umbrella station,https://smartcity.go.kr/en/2025/01/15/%EB%8C%80%EA%B5%AC%EA%B5%90%ED%86%B5%EA%B3%B5%EC%82%AC-%E3%88%9C%ED%8E%BC%EB%8B%A4-%EA%B3%B5%EC%9C%A0%EC%9A%B0%EC%82%B0-%EC%84%9C%EB%B9%84%EC%8A%A4-mou-%EC%B2%B4%EA%B2%B0/,C1,2026-10-03
GC-021,Japan,Rental asset,stroller rental,Babycal,destination / tourism facility,family / traveler,time-based rental,asset reset + redistribution,medium,need emerges at destination; embedded rental,https://apps.apple.com/jp/app/%E3%83%99%E3%83%93%E3%82%AB%E3%83%AB/id6742533264,C1,2026-10-03
GC-022,Japan,Rental asset,wheelchair rental,Babycal,destination / tourism facility,family / traveler,time-based rental,asset reset + redistribution,medium,need emerges at destination; embedded rental,https://apps.apple.com/jp/app/%E3%83%99%E3%83%93%E3%82%AB%E3%83%AB/id6742533264,C1,2026-10-03
GC-023,Japan,Rental asset,child-seat rental,Babycal,destination / tourism facility,family / traveler,time-based rental,asset reset + redistribution,medium,need emerges at destination; embedded rental,https://apps.apple.com/jp/app/%E3%83%99%E3%83%93%E3%82%AB%E3%83%AB/id6742533264,C1,2026-10-03
GC-024,Japan,Rental asset,pet-cart rental,Babycal,destination / tourism facility,family / traveler,time-based rental,asset reset + redistribution,medium,need emerges at destination; embedded rental,https://apps.apple.com/jp/app/%E3%83%99%E3%83%93%E3%82%AB%E3%83%AB/id6742533264,C1,2026-10-03
GC-025,Global,Service operation,host-based luggage storage,Bounce partner network,cafe,traveler,per-bag storage fee shared with host,existing staff handles check-in/out,low,monetizes spare secure space,https://intercom.help/bounce-30d4ff3de1c7/en/articles/9285943-where-can-i-find-bounce-partner-stores,C1,2026-10-03
GC-026,Global,Service operation,host-based luggage storage,Bounce partner network,hotel,traveler,per-bag storage fee shared with host,existing staff handles check-in/out,low,monetizes spare secure space,https://intercom.help/bounce-30d4ff3de1c7/en/articles/9285943-where-can-i-find-bounce-partner-stores,C1,2026-10-03
GC-027,Global,Service operation,host-based luggage storage,Bounce partner network,dry cleaner,traveler,per-bag storage fee shared with host,existing staff handles check-in/out,low,monetizes spare secure space,https://intercom.help/bounce-30d4ff3de1c7/en/articles/9285943-where-can-i-find-bounce-partner-stores,C1,2026-10-03
GC-028,Global,Service operation,host-based luggage storage,Bounce partner network,restaurant / deli,traveler,per-bag storage fee shared with host,existing staff handles check-in/out,low,monetizes spare secure space,https://intercom.help/bounce-30d4ff3de1c7/en/articles/9285943-where-can-i-find-bounce-partner-stores,C1,2026-10-03
GC-029,Global,Infrastructure-like micro service,dedicated luggage locker,Bounce locker,tourist district,traveler,time-based storage,remote + occasional service,medium,locker removes staff dependency,https://www.kddi.com/english/open-innovation-program/news/20251113/,C1,2026-10-03
GC-030,Japan,Service operation,store-in-store luggage storage,Bounce x KDDI,telecom flagship store,traveler,storage fee / host partnership,staff-assisted or locker,low,incumbent retail footprint adds adjacent revenue,https://www.kddi.com/english/open-innovation-program/news/20251113/,C1,2026-10-03
GC-031,Global,Rental asset,smart equipment rental locker,KioskForce,sports court,individual,time-based rental,restock / inspect on route,medium,automates rental counter,https://kioskforce.com/industries/equipment-hire/,C1,2026-10-03
GC-032,Global,Rental asset,smart equipment rental locker,KioskForce,resort,individual,time-based rental,restock / inspect on route,medium,automates rental counter,https://kioskforce.com/industries/equipment-hire/,C1,2026-10-03
GC-033,Global,Rental asset,smart equipment rental locker,KioskForce,beach / recreation,individual,time-based rental,restock / inspect on route,medium,automates rental counter,https://kioskforce.com/industries/equipment-hire/,C1,2026-10-03
GC-034,Global,Rental asset,sports equipment rental locker,Eilocker,sports venue,individual,rental fee,restock / inspect,medium,modular rental infrastructure,https://eilocker.com/products/logistics/logistics-parcel-locker.html,C1,2026-10-03
GC-035,US,Self-service equipment,home / padlock key duplication kiosk,MinuteKey,big-box / hardware retail,individual / SMB,per-transaction fee,consumables + maintenance,medium,automated fabrication from small footprint,https://www.minutekey.com/products/key-copy-kiosk/,C1,2026-10-03
GC-036,US,Self-service equipment,office key duplication kiosk,MinuteKey,big-box / hardware retail,individual / SMB,per-transaction fee,consumables + maintenance,medium,automated fabrication from small footprint,https://www.minutekey.com/products/key-copy-kiosk/,C1,2026-10-03
GC-037,US,Self-service equipment,key-fob / car-key adjacent kiosk service,MinuteKey,big-box / hardware retail,individual / SMB,per-transaction fee,consumables + maintenance,medium,automated fabrication from small footprint,https://www.minutekey.com/products/key-copy-kiosk/,C1,2026-10-03
GC-038,US,Recommerce / refurbishment,automated phone buyback kiosk,ecoATM,grocery / shopping center,consumer seller,resale spread,logistics + fraud controls,high,automates grading and acquisition,https://www.ecoatm.com/pages/how-it-works,C1,2026-10-03
GC-039,US,Recommerce / refurbishment,instant tablet / device buyback,ecoATM,grocery / shopping center,consumer seller,resale spread,logistics + fraud controls,high,automates grading and acquisition,https://www.ecoatm.com/pages/how-it-works,C1,2026-10-03
GC-040,US,Recommerce / refurbishment,AI-assisted device grading kiosk,ecoATM,grocery / shopping center,consumer seller,resale spread,logistics + fraud controls,high,automates grading and acquisition,https://www.ecoatm.com/pages/how-it-works,C1,2026-10-03
GC-041,Korea,Hosted micro-asset,self-service instant photo printing kiosk,SELPIC,postpartum / OB-GYN,individual / host,free install / host amenity,paper replenishment + printer service,medium,small-footprint Korean deployment with multiple host economics,https://selpic.kr/en/business,C1,2026-10-03
GC-042,Korea,Hosted micro-asset,self-service instant photo printing kiosk,SELPIC,cafe,individual / host,purchase or rental,paper replenishment + printer service,medium,small-footprint Korean deployment with multiple host economics,https://selpic.kr/en/business,C1,2026-10-03
GC-043,Korea,Hosted micro-asset,self-service instant photo printing kiosk,SELPIC,retail / department store,individual / host,purchase or rental,paper replenishment + printer service,medium,small-footprint Korean deployment with multiple host economics,https://www.selpic.kr/en,C1,2026-10-03
GC-044,Korea,Hosted micro-asset,self-service instant photo printing kiosk,SELPIC,photo studio,individual / host,integrated print service,paper replenishment + printer service,medium,small-footprint Korean deployment with multiple host economics,https://www.selpic.kr/en,C1,2026-10-03
GC-045,Korea,Hosted micro-asset,self-service instant photo printing kiosk,SELPIC,event / activation,individual / host,short-term rental,paper replenishment + printer service,medium,small-footprint Korean deployment with multiple host economics,https://selpic.kr/en/business,C1,2026-10-03
GC-046,Korea,Hosted micro-asset,self-service instant photo printing kiosk,SELPIC,kids cafe,individual / host,embedded paid printing,paper replenishment + printer service,medium,small-footprint Korean deployment with multiple host economics,https://www.selpic.kr/en,C1,2026-10-03
GC-047,Korea,Hosted micro-asset,self-service instant photo printing kiosk,SELPIC,24h photo booth,individual / host,unattended paid printing,paper replenishment + printer service,medium,small-footprint Korean deployment with multiple host economics,https://www.selpic.kr/en,C1,2026-10-03
GC-048,Korea,Self-service equipment,retail photo product order station,Fujifilm Wonder Print Station,photo / retail store,individual,per-product margin,printer service + consumables,medium,customer self-configures personalized product,https://www.fujifilm.com/kr/en/business/photofinishing/storefront-order/wonder-print-station,C1,2026-10-03
GC-049,Global,Self-service equipment,retail photo order kiosk,Kodak Edge Order Station,retail photo department,individual,photo product sales,consumables + printer service,medium,small-footprint self-service personalization,https://corporate.kodakalaris.com/Pressroom/News/2025/Kodak-Moments-Modernizes-Retail-Photo-Departments-with-New-Edge-Order-Station,C1,2026-10-03
GC-050,Korea,Self-service equipment,24h print / copy / fax / scan shop,Print Cafe,subway station,individual,per-page / service fee,paper/toner refill + equipment service,medium,proven Seoul unattended utility near transit,https://english.visitseoul.net/entertainment/printcafe/ENPz0djo8,C1,2026-10-03
GC-051,Korea,Self-service equipment,unmanned laundromat,Coinup,neighborhood,individual,wash/dry cycles,cleaning + machine maintenance,high,mature unattended service business,https://www.coin-up.co.kr/default/eng/business/business6.php,C1,2026-10-03
GC-052,Korea,Hosted micro-asset,laundromat shop-in-shop,Coinup x convenience stores,convenience store,individual,wash/dry cycles / host economics,machine service,medium,avoids standalone lease via host traffic,https://www.coin-up.co.kr/default/eng/business/business6.php,C1,2026-10-03
GC-053,Global,Physical-digital hybrid,laundry drop-off smart locker,Pick IT UP,apartment building,resident,service fee / laundry margin,scheduled pickup-delivery route,medium,unattended interface for route logistics,https://smart-locker.eu/en/smart-locker-laundry/,C1,2026-10-03
GC-054,Global,Physical-digital hybrid,workplace laundry locker,Pick IT UP,office / company,employee / company,service fee,scheduled pickup-delivery,medium,captive workplace demand with batch operations,https://smart-locker.eu/en/smart-locker-laundry/,C1,2026-10-03
GC-055,US/Australia,Self-service equipment,self-service dog wash station,Puppered / operator examples,pet-friendly retail / neighborhood,pet owner,per-use fee,cleaning + chemicals + maintenance,medium,physical need with schedulable maintenance,https://puppered.com/2025/07/17/how-to-start-a-self-serve-dog-wash-business/,C1,2026-10-03
GC-056,US,Unattended retail / vending,micro market,unattended retail operators,headquarters,employee / visitor,retail gross margin,2-5 replenishments/week,high,captive repeat demand; route-like operations,https://vendingmachinebusiness.us/micro-markets/,C1,2026-10-03
GC-057,US,Unattended retail / vending,micro market,unattended retail operators,campus,employee / visitor,retail gross margin,2-5 replenishments/week,high,captive repeat demand; route-like operations,https://vendingmachinebusiness.us/micro-markets/,C1,2026-10-03
GC-058,US,Unattended retail / vending,micro market,unattended retail operators,manufacturing site,employee / visitor,retail gross margin,2-5 replenishments/week,high,captive repeat demand; route-like operations,https://vendingmachinebusiness.us/micro-markets/,C1,2026-10-03
GC-059,US,Unattended retail / vending,micro market,unattended retail operators,hospital,employee / visitor,retail gross margin,2-5 replenishments/week,high,captive repeat demand; route-like operations,https://vendingmachinebusiness.us/micro-markets/,C1,2026-10-03
GC-060,US,Unattended retail / vending,smart cooler,unattended retail operators,small office breakroom,employee / resident,retail gross margin,weekly replenishment,medium,smaller footprint than micro market,https://vendsupply.org/,C1,2026-10-03
GC-061,US,Unattended retail / vending,smart cooler,unattended retail operators,apartment lounge,employee / resident,retail gross margin,weekly replenishment,medium,smaller footprint than micro market,https://vendsupply.org/,C1,2026-10-03
GC-062,US,Route business,traditional vending route,unattended retail operators,high-traffic corridor / shift site,individual,retail gross margin,weekly-biweekly route service,medium,classic route-business structure,https://vendsupply.org/,C1,2026-10-03
GC-063,US,Service operation,office pantry service,unattended retail operators,office suite,employer,service contract + product margin,weekly route service,medium,B2B recurring spend with predictable service,https://vendsupply.org/,C1,2026-10-03
GC-064,Global,Unattended retail / vending,specialty vending / unattended retail,KioskForce,office lobby,individual / employee,retail margin,route replenishment,medium,existing footfall without full shop lease,https://kioskforce.com/industries/retail/,C1,2026-10-03
GC-065,Global,Unattended retail / vending,specialty vending / unattended retail,KioskForce,apartment building,individual / employee,retail margin,route replenishment,medium,existing footfall without full shop lease,https://kioskforce.com/industries/retail/,C1,2026-10-03
GC-066,Global,Unattended retail / vending,specialty vending / unattended retail,KioskForce,hotel floor,individual / employee,retail margin,route replenishment,medium,existing footfall without full shop lease,https://kioskforce.com/industries/retail/,C1,2026-10-03
GC-067,Global,Unattended retail / vending,specialty vending / unattended retail,KioskForce,hospital waiting area,individual / employee,retail margin,route replenishment,medium,existing footfall without full shop lease,https://kioskforce.com/industries/retail/,C1,2026-10-03
GC-068,Global,Unattended retail / vending,specialty vending / unattended retail,KioskForce,university campus,individual / employee,retail margin,route replenishment,medium,existing footfall without full shop lease,https://kioskforce.com/industries/retail/,C1,2026-10-03
GC-069,Global,Unattended retail / vending,specialty vending / unattended retail,KioskForce,factory breakroom,individual / employee,retail margin,route replenishment,medium,existing footfall without full shop lease,https://kioskforce.com/industries/retail/,C1,2026-10-03
GC-070,Global,Unattended retail / vending,configurable specialty-product vending,KioskForce,nontraditional retail location,individual,retail margin,route replenishment,medium,products beyond snacks; location-product fit matters,https://kioskforce.com/industries/retail/,C1,2026-10-03
GC-071,Korea,Recurring procurement / operator,integrated MRO procurement,SERVEONE - factory / office consumables,corporate customer,company,procurement margin / contract,supplier management + consolidated fulfillment,low,repeat B2B demand and purchasing-friction value,https://www.serveone.co.kr/kr/purchasing-service/mro.do,C1,2026-10-03
GC-072,Korea,Recurring procurement / operator,integrated MRO procurement,SERVEONE - promotional materials,corporate customer,company,procurement margin / contract,supplier management + consolidated fulfillment,low,repeat B2B demand and purchasing-friction value,https://www.serveone.co.kr/kr/purchasing-service/mro.do,C1,2026-10-03
GC-073,Korea,Recurring procurement / operator,integrated MRO procurement,SERVEONE - packaging / subsidiary materials,corporate customer,company,procurement margin / contract,supplier management + consolidated fulfillment,low,repeat B2B demand and purchasing-friction value,https://www.serveone.co.kr/kr/purchasing-service/mro.do,C1,2026-10-03
GC-074,Korea,Recurring procurement / operator,integrated MRO procurement,SERVEONE - industrial gloves,corporate customer,company,procurement margin / contract,supplier management + consolidated fulfillment,low,repeat B2B demand and purchasing-friction value,https://www.serveone.co.kr/m/kr/purchasing-service/core-areas/serveone-brand.do,C1,2026-10-03
GC-075,Korea,Recurring procurement / operator,integrated MRO procurement,SERVEONE - hand tools / maintenance items,corporate customer,company,procurement margin / contract,supplier management + consolidated fulfillment,low,repeat B2B demand and purchasing-friction value,https://www.serveone.co.kr/m/kr/purchasing-service/core-areas/serveone-brand.do,C1,2026-10-03
GC-076,Korea,Recurring procurement / operator,data-driven private-label MRO,SERVEONE PL,corporate customer,company,product margin,procurement + supplier coordination,medium,own assortment can improve margin after demand learning,https://www.serveone.co.kr/m/kr/purchasing-service/core-areas/serveone-brand.do,C1,2026-10-03
GC-077,Korea,Recurring procurement / operator,integrated foodservice procurement,Sikbom integrated delivery,restaurant,restaurant operator,marketplace / distribution margin,logistics coordination,medium,bundles fragmented suppliers into one delivery,https://www.cjfreshway.com/newsroom/pr/view.do?pageNum=1&seq=3550,C1,2026-10-03
GC-078,US,Marketplace / brokerage with execution,custom manufacturing marketplace,Xometry,custom part buyer,business,transaction margin,digital matching + supplier QA,low,RFQ market where execution matters,https://www.xometry.com/become-a-supplier/,C1,2026-10-03
GC-079,US,Marketplace / brokerage with execution,supplier job matching,Xometry Supplier Network,machine shop,supplier / buyer,transaction economics,platform + QA,low,capacity matching without owning machines,https://www.xometry.com/become-a-supplier/,C1,2026-10-03
GC-080,Global,Marketplace / brokerage with execution,wholesale brand-retailer marketplace,Faire,independent retailer,brand / retailer,15% marketplace commission + fees,digital platform + payment risk,low,repeat B2B orders and discovery,https://external.faire.com/how-faire-works,C1,2026-10-03
GC-081,Global,Marketplace / brokerage with execution,wholesale direct channel,Faire Direct,brand-retailer relationship,brand,payment / optional services,digital operations,low,marketplace can become transaction infrastructure,https://external.faire.com/how-faire-works,C1,2026-10-03
GC-082,Korea,Physical-digital hybrid,3D foot scanner,Korea Small Business Smart Shop technology pool,small business venue,merchant / end user,varies by deployment,varies; often remote + maintenance,medium,officially recognized deployable smart-store category,https://www.sbiz.or.kr/smst/vars/con0302.html,C1,2026-10-03
GC-083,Korea,Physical-digital hybrid,3D printer,Korea Small Business Smart Shop technology pool,small business venue,merchant / end user,varies by deployment,varies; often remote + maintenance,medium,officially recognized deployable smart-store category,https://www.sbiz.or.kr/smst/vars/con0302.html,C1,2026-10-03
GC-084,Korea,Physical-digital hybrid,3D curing / washing,Korea Small Business Smart Shop technology pool,small business venue,merchant / end user,varies by deployment,varies; often remote + maintenance,medium,officially recognized deployable smart-store category,https://www.sbiz.or.kr/smst/vars/con0302.html,C1,2026-10-03
GC-085,Korea,Physical-digital hybrid,smart coaching system,Korea Small Business Smart Shop technology pool,small business venue,merchant / end user,varies by deployment,varies; often remote + maintenance,medium,officially recognized deployable smart-store category,https://www.sbiz.or.kr/smst/vars/con0302.html,C1,2026-10-03
GC-086,Korea,Physical-digital hybrid,access authentication system,Korea Small Business Smart Shop technology pool,small business venue,merchant / end user,varies by deployment,varies; often remote + maintenance,medium,officially recognized deployable smart-store category,https://www.sbiz.or.kr/smst/vars/con0302.html,C1,2026-10-03
GC-087,Korea,Physical-digital hybrid,AI CCTV,Korea Small Business Smart Shop technology pool,small business venue,merchant / end user,varies by deployment,varies; often remote + maintenance,medium,officially recognized deployable smart-store category,https://www.sbiz.or.kr/smst/vars/con0302.html,C1,2026-10-03
GC-088,Korea,Physical-digital hybrid,energy management system,Korea Small Business Smart Shop technology pool,small business venue,merchant / end user,varies by deployment,varies; often remote + maintenance,medium,officially recognized deployable smart-store category,https://www.sbiz.or.kr/smst/vars/con0302.html,C1,2026-10-03
GC-089,Korea,Physical-digital hybrid,automated solution,Korea Small Business Smart Shop technology pool,small business venue,merchant / end user,varies by deployment,varies; often remote + maintenance,medium,officially recognized deployable smart-store category,https://www.sbiz.or.kr/smst/vars/con0302.html,C1,2026-10-03
GC-090,Korea,Physical-digital hybrid,body-shape analyzer,Korea Small Business Smart Shop technology pool,small business venue,merchant / end user,varies by deployment,varies; often remote + maintenance,medium,officially recognized deployable smart-store category,https://www.sbiz.or.kr/smst/vars/con0302.html,C1,2026-10-03
GC-091,Korea,Physical-digital hybrid,smart mirror,Korea Small Business Smart Shop technology pool,small business venue,merchant / end user,varies by deployment,varies; often remote + maintenance,medium,officially recognized deployable smart-store category,https://www.sbiz.or.kr/smst/vars/con0302.html,C1,2026-10-03
GC-092,Korea,Physical-digital hybrid,smart vending machine,Korea Small Business Smart Shop technology pool,small business venue,merchant / end user,varies by deployment,varies; often remote + maintenance,medium,officially recognized deployable smart-store category,https://www.sbiz.or.kr/smst/vars/con0302.html,C1,2026-10-03
GC-093,Korea,Physical-digital hybrid,cooking robot,Korea Small Business Smart Shop technology pool,small business venue,merchant / end user,varies by deployment,varies; often remote + maintenance,medium,officially recognized deployable smart-store category,https://www.sbiz.or.kr/smst/vars/con0302.html,C1,2026-10-03
GC-094,Japan,Small-format space,urban self-storage / rental box,Japan Rental Box Association members,urban residential / business area,individual / SMB,monthly rental,low-frequency site service,high,recurring space revenue with low interaction,https://www.rentalbox.org/member/,C1,2026-10-03
GC-095,Korea,Small-format space,hourly shared kitchen,Seoul public shared-kitchen example,community / creator use,individual / group,hourly booking fee,cleaning + reset,high,equipment-rich space monetized in time slices,https://yeyak.seoul.go.kr/web/reservation/selectReservView.do?locale=ko&rsv_svc_id=S251223115233418296,C1,2026-10-03
GC-096,Korea,Hosted micro-asset,free-install photo-print amenity,SELPIC,clinic / postpartum center,host / end user,host-sponsored / indirect,printer service,medium,zero-capex host distribution can unlock locations,https://selpic.kr/en/business,C1,2026-10-03
GC-097,Korea,Hosted micro-asset,rental photo kiosk,SELPIC,cafe / retailer,host / end user,equipment rental + end-user sales,printer service,medium,rental lowers host adoption friction,https://selpic.kr/en/business,C1,2026-10-03
GC-098,Korea,Rental asset,short-term event photo kiosk,SELPIC,festival / corporate event,event organizer / attendee,event rental fee,delivery/setup concentrated on event days,medium,asset can earn episodic high-ticket revenue,https://selpic.kr/en/business,C1,2026-10-03
GC-099,Korea,Physical-digital hybrid,subsidized smart-store equipment deployment,2026 Smart Shop program,small business,merchant,equipment sale/rental partially subsidized,B2B sales + maintenance,medium,subsidy can alter adoption economics,https://www.sbiz.or.kr/smst/notice/view.do?key=2111306004395&notcSn=61,C1,2026-10-03
GC-100,Korea,Small-scale production,in-store personalized apparel stamping,Musinsa Standard x Seoul,tourist retail,shopper,product margin / experience premium,consumables + staff/automation,medium,compact personalization can add margin to ordinary retail,https://english.seoul.go.kr/a-new-way-to-wear-seoul-smg-and-musinsa-standard-launch-my-seoul-t-shirt-customization-service/,C1,2026-10-03
GC-101,Korea,Experience / entertainment,coin karaoke / short-duration private singing room,TJ Media ecosystem,urban leisure district,individual / small group,per-song or time-block fee,remote monitoring + cleaning + equipment service,high,short paid private-room use; solo/after-work demand is established,https://www.tjmedia.co.kr/story/story_view?idx=12,C1,2026-10-03
GC-102,Korea,Physical-digital hybrid,remote-managed coin-karaoke room system,K-Smart Coin,coin karaoke venue,operator / end user,equipment + room revenue,remote monitoring + periodic site service,high,up to 50 rooms can be monitored remotely across phone/tablet/PC,https://kyentertainment.kr/w/platform/coin.php,C1,2026-10-03
