candidate_id,candidate_name,disposition,first_pilot_capital_fit,owner_fit,fixed_lease_dependency,network_dependency,regulatory_operational_complexity,reversibility,screen_rationale,next_evidence
OC-001,Public / office private booth,KEEP,unknown,good if hosted,low,low,medium-high,medium,Do not lease a standalone site; hosted or revenue-share booth could fit owner routine.,Korean booth supplier quote; host trial economics; used/resale market
OC-002,Private hobby / voice / practice booth,WATCH,likely medium-high,good if remote,medium,low,medium-high,medium,"Interesting demand shape, but soundproofing, licensing by use case and room capex remain unresolved.",Separate singing/practice/call-booth use cases; quote smallest compliant booth
OC-003,Compact sports simulator room,KILL_FIRST_PILOT,poor,good,high,low,medium,low-medium,Public operator pricing indicates ~KRW 30m+ even before several site-specific costs; exceeds first-pilot capital rule.,Revisit only after SideEconomy capital base expands
OC-004,Private wellness room,KILL_FIRST_PILOT,poor-unknown,medium,high,low,high,low,"Wet facilities, cleaning, fire/safety and sanitation create too much operational complexity for first pilot.",Revisit only dry-wellness variants
OC-005,Power-bank rental station network,KILL_FIRST_PILOT,medium,good,low,high,low-medium,high,Customer value depends on network density and cross-location returns; a tiny pilot is structurally disadvantaged.,Only reconsider as closed campus/network opportunity
OC-006,Umbrella rental / sharing station,KILL_FIRST_PILOT,good-medium,medium,low,high,low,high,"Loss, seasonality and network return economics are unfavorable for a small independent start.",Only reconsider if host sponsors the network
OC-007,Destination family mobility rental,WATCH,medium,medium,low,low-medium,medium-high,medium,"Destination-captive need is attractive, but cleaning, liability and asset reset burden need validation.",Interview 3 Seoul attractions/venues and insurers
OC-008,Host-based luggage storage,KEEP,good,medium,low,low,medium,high,"Asset-light, host-based and real Seoul tourist demand; can test without equipment-heavy capex.",Map incumbent coverage and interview 10 hosts in two tourist districts
OC-009,Dedicated luggage locker,WATCH,medium-high,good,medium,low,medium,medium,Clear demand but Seoul already has dedicated locker supply; site economics and capex could dominate.,Price 20-40 door locker system and map underserved nodes
OC-010,Sports-equipment rental locker,KEEP,medium,good,low,low,medium,high,Reusable assets plus unattended locker can create scheduled route work instead of continuous service.,Find 5 courts/parks with no rental and get locker hardware quotes
OC-011,Automated key / small fabrication kiosk,WATCH,medium-high,good,low,low,medium-high,medium,"Attractive automation, but Korea equipment availability, consumables/IP and locksmith-related constraints are unclear.",Korean supplier and legal screen
OC-012,Automated electronics buyback kiosk,KILL_FIRST_PILOT,poor,medium,low,low,high,medium,"Fraud controls, secondhand dealing, working capital and grading/resale execution create excessive first-pilot risk.",Revisit only with established device-resale partner
OC-013,Instant photo / document printing kiosk,KEEP,good-medium,good,low,low,low-medium,high,Korean suppliers already support purchase/rental/free-install/host formats; reversible and easy to observe.,Obtain 3 real hardware/rental/host-economics quotes
OC-014,24h utility print shop,WATCH,medium-high,good,high if standalone,low,low-medium,medium,"Physical utility is proven, but standalone low-ticket shop can become a rent-and-maintenance business.",Test hosted micro-format rather than full shop
OC-015,Laundromat shop-in-shop,KILL_FIRST_PILOT,poor,medium,medium,low,medium-high,low,"Water, drainage, electrical capacity and heavy machinery make even shop-in-shop too infrastructure-heavy for first pilot.",Revisit after larger capital base or unusually favorable host
OC-016,Laundry locker route service,KEEP,good-medium,good,low,low,low-medium,high,Front end can be unattended while pickup/delivery is batched; asset-light if laundry processing is partnered.,Interview laundries plus 5 apartment/office hosts
OC-017,Self-service pet wash,WATCH,medium-high,medium,medium,low,medium-high,low-medium,"Repeat physical need is good, but drainage, cleaning and sanitation may create too much site work.",Find host-based single-bay configurations and real maintenance cadence
OC-018,Workplace micro-market,KEEP,medium,medium-good,low,low,low-medium,medium-high,Captured employee demand and route economics are attractive if replenishment is not daily.,"Model shelf-stable, low-SKU version and minimum site headcount"
OC-019,Smart cooler / compact pantry,WATCH,medium,medium,low,low,low-medium,medium-high,Compact footprint is attractive but fresh-food spoilage and frequent replenishment can harm owner fit.,Screen ambient/shelf-stable variant first
OC-020,Specialty vending route,KEEP,good-medium,good,low,low,low,high,"Movable asset, host traffic and scheduled replenishment closely match project constraints.",Identify 10 need-state product/location pairs; get machine purchase/rental quotes
OC-021,Industrial PPE / MRO vending,KEEP,medium,good after sale,low,low,low-medium,medium-high,Captured recurring B2B consumption and trackable usage fit well; main challenge is landing the first site.,Interview 5 SMEs/factories and identify a narrow consumable set
OC-022,Narrow recurring B2B procurement operator,KEEP,excellent,medium,none,none,low,high,Low capex and repeat orders are strong; must avoid bespoke consulting and quote-chasing labor.,Choose one standardized fragmented category and manually complete 3 orders
OC-023,Restaurant fragmented-procurement operator,KILL_FIRST_PILOT,medium,poor-medium,none,none,medium-high,high,Food/cold-chain/logistics complexity plus established platforms makes this a poor first wedge.,Revisit only non-food adjacent supplies
OC-024,Custom manufacturing RFQ operator,KEEP,excellent,medium,none,none,medium,high,High-friction real-world transaction with low asset capex; can work if niche is standardized and QA liability bounded.,Pick one low-regulation fabrication category and test 5 real RFQs
OC-025,Niche wholesale operator,WATCH,medium,medium,none,none,low-medium,high,Could create repeat cash flow but currently too generic; distribution advantage is not yet defined.,Find one buyer segment with repeated fragmented sourcing pain
OC-026,3D / personalization micro-production,KEEP,excellent-good,good if batch,low,none,low-medium,high,Desktop commercial-capable printers fit pilot capex and production can be batched; niche selection is the hard part.,"Select problem-solving B2B product, not generic trinkets; run paid preorder test"
OC-027,Access-controlled rentable micro-space,WATCH,poor if leased / good if hosted,good,high if standalone,low,medium,low-medium,"Digital access fits owner routine, but fixed rent can destroy economics before demand is proven.",Search host/revenue-share or underused-space arrangements only
OC-028,Smart-store equipment operator / lessor,WATCH,medium,medium,none-low,low,low-medium,medium,"Large Korean equipment ecosystem exists, but this can devolve into installation sales and maintenance labor.","Choose one equipment class with recurring revenue, remote diagnostics and outsourced field service"
OC-029,Urban self-storage micro-site,KILL_FIRST_PILOT,poor,excellent,high,low,low-medium,low,Operationally attractive but lease/build-out economics are too capital-heavy for the current first-pilot rule.,Revisit with hosted unused-space opportunity or larger capital base
OC-030,Hosted experience / event asset rental,KEEP,good-medium,medium-good,low,low,low,high,"Movable asset, resale value and host/event dual use can fit if delivery/setup is outsourced or batched.",Find 3 asset classes with strong resale and outsourced logistics
