candidate_id,evidence_type,observed_fact,source_class,source_url,caveat
OC-001,capex,"K-zone personal office/home booth listed at KRW 2.65m; singing booths roughly KRW 4.63m-8.03m.",primary_vendor,https://muzone.co.kr/,"Commercial host installation costs may differ."
OC-008,price,"Seoul Station LuggageQ publicly lists 24h unmanned storage at KRW 1,000/hour.",official_tourism,https://stage-kr.visitseoul.net/attractions/luggageq-SeoulStation/KOP60cztf,"Confirms paid demand, not profitability."
OC-008,competition,"Radical Storage lists 73 Seoul partner locations from KRW 5,100 per bag/day.",operator,https://radicalstorage.com/ko_kr/luggage-storage/seoul,"Location count can change."
OC-013,capex,"SELPIC lists kiosk models at KRW 5.5m, 7.7m and 9.9m VAT included.",primary_vendor,https://www.selpic.kr/kiosks,"Direct equipment evidence; excludes site economics."
OC-013,customer_price,"SELPIC lists 4x6 photo printing from KRW 1,000.",primary_vendor,https://selpic.kr/service,"Price varies by location/options."
OC-020,capex,"Korean vendor lists a used 5-tier open refrigerated vending unit at KRW 2.5m.",primary_vendor,https://www.shinsunginc.kr/m/product.html?branduid=11274896&xcode=005&mcode=001&type=X,"One used-unit listing; not a general market price."
OC-021,business_model,"Factoryuse markets employee/QR-authenticated PPE/MRO dispensing with usage data and recurring supply.",primary_operator,https://www.factoryuse.com/mro-solution-advantage-benefits/stop-managing-ppe-by-hand--automate-it/,"Confirms model; public machine price absent."
OC-022,incumbent,"SERVEONE reports 2,170+ customer operating experience and integrated MRO purchasing.",primary_operator,https://www.serveone.co.kr/m/kr/purchasing-service/mro.do,"Validates pain and incumbent strength."
OC-024,competition,"MakeIT offers Korean AI instant CNC/sheet-metal/3D quotes with online ordering.",primary_operator,https://makeit.ai.kr/,"Reduces room for generic RFQ intermediary."
OC-024,competition,"Creallo offers sub-minute real-time quoting/DFM and reports 10K+ projects and 80% reorder rate.",primary_operator,https://creallo.com/ko,"Operator-reported metrics."
OC-018,competition_price,"Snack24 Basic starts at KRW 50k/month and Standard at KRW 150k/month.",primary_operator,https://wefuncorp.com/snack,"Shows strong incumbent price pressure."
OC-030,revenue_proxy,"SELPIC event rental starts at KRW 300k/day per kiosk including setup/removal and remote monitoring.",primary_vendor,https://selpic.kr/events,"Specific event asset only."
OC-030,market_price,"PhotoQ publishes photo-kiosk rental prices from KRW 990k-1.32m for one day depending on model.",primary_vendor,https://www.photoq.kr/www/kiosk_photo/photo2/rental,"Different equipment/service bundle; shows price dispersion."
