candidate_id,candidate_name,archetype,source_case_ids,why_it_might_fit,primary_risk,next_validation,status,evidence_confidence
OC-001,Public / office private booth,Small-format space,GC-001:GC-009,Compact bookable space; remote access; embeddable in existing buildings,High booth capex and occupancy risk,Korean supplier quotes + Seoul office/transit host interviews,DISCOVERY,C1
OC-002,Private hobby / voice / practice booth,Small-format space,GC-001:GC-012;GC-101:GC-102,"Booth infrastructure can serve singing, calls, lessons or practice","Soundproofing, regulation and uncertain demand",Map Seoul supply gaps and test 20-40 minute willingness-to-pay,DISCOVERY,C1
OC-003,Compact sports simulator room,Experience / entertainment,GC-011:GC-012,Reservation-led and largely unattended; group ticket can be higher,Capex and space requirement may exceed first-pilot range,Obtain smallest viable footprint and used-equipment quotes,DISCOVERY,C1
OC-004,Private wellness room,Small-format space,GC-010,High ticket for privacy and scheduled usage,Water/cleaning/fire/safety complexity,Search lower-complexity wellness variants without wet facilities,DISCOVERY,C1
OC-005,Power-bank rental station network,Rental asset,GC-013:GC-017,Tiny footprint and urgent use case,Network effect and redistribution make single-site pilot weak,Assess a closed network where 3-10 nodes could suffice,DISCOVERY,C1
OC-006,Umbrella rental / sharing station,Rental asset,GC-018:GC-020,Weather-triggered captive demand and tiny footprint,"Loss, seasonality and network return problem",Check host-sponsored closed-network economics,DISCOVERY,C1
OC-007,Destination family mobility rental,Rental asset,GC-021:GC-024,Need appears at destination; assets reused many times,"Cleaning, safety and liability",Identify Seoul attractions with unmet stroller/wheelchair/pet-cart demand,DISCOVERY,C1
OC-008,Host-based luggage storage,Service operation,GC-025:GC-030,Asset-light; monetizes idle secure space and tourist traffic,Requires hosts/staff and strong marketplace acquisition,Test Seoul tourist districts for host supply and fee economics,DISCOVERY,C1
OC-009,Dedicated luggage locker,Infrastructure-like micro service,GC-029,Automated tourist convenience with clear job-to-be-done,"Capex, site rent, security and competition",Map locker shortages around tourist/transit nodes,DISCOVERY,C1
OC-010,Sports-equipment rental locker,Rental asset,GC-031:GC-034,Automates rental counter; reusable equipment; route service possible,Theft/damage and venue agreements,Find courts/parks without on-site rental and price locker hardware,DISCOVERY,C1
OC-011,Automated key / small fabrication kiosk,Self-service equipment,GC-035:GC-037,Immediate physical job and low labor per transaction,Hardware/IP/supplier access and Korea demand,Research Korean equipment availability and locksmith regulation,DISCOVERY,C1
OC-012,Automated electronics buyback kiosk,Recommerce / refurbishment,GC-038:GC-040,AI grading + instant acquisition can create spread,"Fraud, secondhand regulation, working capital, resale",Study Korean secondhand-device regulation and equipment suppliers,DISCOVERY,C1
OC-013,Instant photo / document printing kiosk,Hosted micro-asset,GC-041:GC-050;GC-097:GC-099,Proven Korea deployments; compact; purchase/rental/free-install variants,Mature/commoditized market; consumable margin,Collect hardware economics and host revenue-share quotes,DISCOVERY,C1
OC-014,24h utility print shop,Self-service equipment,GC-050,Simple physical utility and transit fit,Low ticket and copier maintenance,Check hosted micro-footprint rather than full shop,DISCOVERY,C1
OC-015,Laundromat shop-in-shop,Hosted micro-asset,GC-051:GC-052,Avoids standalone lease; recurring essential demand,Heavy utilities and maintenance,"Get capex, host split and utility requirements",DISCOVERY,C1
OC-016,Laundry locker route service,Physical-digital hybrid,GC-053:GC-054,Front-end unattended; operations batchable on route,Laundry partner dependence and logistics,Interview laundries and apartment/office hosts,DISCOVERY,C1
OC-017,Self-service pet wash,Self-service equipment,GC-055,Physical repeat need difficult to digitize,Water/drainage/cleaning burden,Find Seoul pet facilities that could host one bay,DISCOVERY,C1
OC-018,Workplace micro-market,Unattended retail / vending,GC-056:GC-059,Captured repeat demand and recurring spend,Replenishment frequency and shrinkage,Calculate minimum headcount and smallest viable format,DISCOVERY,C1
OC-019,Smart cooler / compact pantry,Unattended retail / vending,GC-060:GC-061,Smaller footprint than micro-market and route-serviced,Food spoilage and route density,Prefer low-SKU/shelf-stable first pilot,DISCOVERY,C1
OC-020,Specialty vending route,Route business,GC-062:GC-069,"Movable asset, host traffic, scheduled replenishment",Location-product fit dominates,Search need-state products in gyms/offices/hospitals/apartments,DISCOVERY,C1
OC-021,Industrial PPE / MRO vending,Unattended retail / vending,GC-069:GC-075,Captured B2B demand and trackable consumption,B2B sales cycle and site access,Interview SMEs/factories with fragmented consumables issue,DISCOVERY,C1
OC-022,Narrow recurring B2B procurement operator,Recurring procurement / operator,GC-070:GC-076,Repeat orders; low capex; AI can compress quoting/reordering,Incumbents and margin compression,Choose one fragmented niche and manually broker real orders,DISCOVERY,C1
OC-023,Restaurant fragmented-procurement operator,Recurring procurement / operator,GC-076,Real repeated pain from multiple suppliers,Logistics/cold-chain complexity and incumbents,Look for non-food/non-cold-chain adjacent category first,DISCOVERY,C1
OC-024,Custom manufacturing RFQ operator,Marketplace / brokerage with execution,GC-077:GC-078,High-friction RFQs where matching and execution matter,Quality liability and supplier qualification,Find a narrow low-regulatory manufacturing niche,DISCOVERY,C1
OC-025,Niche wholesale operator,Marketplace / brokerage with execution,GC-079:GC-080,Repeat B2B orders and supplier discovery,Network effects; risk of generic middleman,Start with one buyer segment and one repeat category,DISCOVERY,C1
OC-026,3D / personalization micro-production,Small-scale production,GC-081:GC-083;GC-100,Equipment creates on-demand products with low finished-goods inventory,Owner production labor can creep upward,Find standardized high-margin output with automated ordering,DISCOVERY,C1
OC-027,Access-controlled rentable micro-space,Small-format space,GC-084;GC-095:GC-096,Digital access turns space into schedulable product,Fixed rent and cleaning can dominate,Only pursue host/revenue-share or unusually low occupancy cost,DISCOVERY,C1
OC-028,Smart-store equipment operator / lessor,Physical-digital hybrid,GC-084:GC-094;GC-099,Korean supply ecosystem and subsidy framework already exist,Becomes B2B sales/maintenance business,Study subsidy-eligible equipment with recurring maintenance/revenue share,DISCOVERY,C1
OC-029,Urban self-storage micro-site,Small-format space,GC-095,Recurring monthly revenue with low daily interaction,Lease/capex and property economics,"Explore tiny awkward spaces / host-based storage, not conventional facility",DISCOVERY,C1
OC-030,Hosted experience / event asset rental,Rental asset,GC-047;GC-097:GC-099,One movable asset can earn via permanent placement and events,Transport/setup can consume weekends,Test assets with outsourced logistics and strong resale value,DISCOVERY,C1
