candidate_id,name,archetype,geography,customer_job,payer,user,status,evidence_confidence,capex_low_krw,capex_high_krw,economics_score,owner_fit_score,demand_distribution_score,asset_operations_score,competition_defensibility_score,ai_data_leverage_score,overall_score,biggest_risk,next_validation,source_notes,last_updated
SE-001,Hosted specialty micro-asset,Hosted micro-asset,Seoul,,,,DISCOVERY,C0,,,,,,,,,,,,,
SE-002,Niche rental asset,Rental asset,Seoul,,,,DISCOVERY,C0,,,,,,,,,,,,,
SE-003,Small-format purpose space,Small-format space,Seoul,,,,DISCOVERY,C0,,,,,,,,,,,,,
SE-004,Route-based asset business,Route business,Seoul,,,,DISCOVERY,C0,,,,,,,,,,,,,
SE-005,Unattended specialty retail,Unattended retail / vending,Seoul,,,,DISCOVERY,C0,,,,,,,,,,,,,
SE-006,Self-service equipment,Self-service equipment,Seoul,,,,DISCOVERY,C0,,,,,,,,,,,,,
SE-007,B2B embedded equipment / consumables,B2B equipment / consumables,Seoul Metro,,,,DISCOVERY,C0,,,,,,,,,,,,,
SE-008,Recurring procurement operator,Recurring procurement / operator,Korea,,,,DISCOVERY,C0,,,,,,,,,,,,,
SE-009,Niche commerce,Niche commerce,Korea,,,,DISCOVERY,C0,,,,,,,,,,,,,
SE-010,Recommerce / refurbishment,Recommerce / refurbishment,Seoul Metro,,,,DISCOVERY,C0,,,,,,,,,,,,,
SE-011,Productized real-world service,Service operation,Seoul,,,,DISCOVERY,C0,,,,,,,,,,,,,
SE-012,Execution-heavy marketplace / brokerage,Marketplace / brokerage with execution,Korea,,,,DISCOVERY,C0,,,,,,,,,,,,,
SE-013,Compact production asset,Small-scale production,Seoul Metro,,,,DISCOVERY,C0,,,,,,,,,,,,,
SE-014,Physical-digital hybrid,Physical-digital hybrid,Seoul,,,,DISCOVERY,C0,,,,,,,,,,,,,
SE-015,Compact entertainment / experience,Experience / entertainment,Seoul,,,,DISCOVERY,C0,,,,,,,,,,,,,
SE-016,Micro utility / infrastructure service,Infrastructure-like micro service,Seoul,,,,DISCOVERY,C0,,,,,,,,,,,,,
