candidate_id,candidate,rank,demand_fit_score,trdar_name,district
OC-013,photo,1,99.88,종로·청계 관광특구,종로구
OC-013,photo,2,99.82,명동 남대문 북창동 다동 무교동 관광특구,중구
OC-013,photo,3,99.62,강남역,서초구
OC-013,photo,4,99.56,종로3가역,종로구
OC-013,photo,5,99.30,잠실 관광특구,송파구
OC-013,photo,6,99.10,선릉역,강남구
OC-013,photo,7,99.01,노원역,노원구
OC-013,photo,8,98.89,홍대입구역(홍대),마포구
OC-013,photo,9,98.66,"신촌역(신촌역, 신촌로터리)",서대문구
OC-013,photo,10,98.56,교대역(법원.검찰청),서초구
OC-020,vending,1,99.91,명동 남대문 북창동 다동 무교동 관광특구,중구
OC-020,vending,2,99.58,종로·청계 관광특구,종로구
OC-020,vending,3,99.58,강남역,서초구
OC-020,vending,4,99.46,잠실 관광특구,송파구
OC-020,vending,5,99.19,선릉역,강남구
OC-020,vending,6,98.98,종로3가역,종로구
OC-020,vending,7,98.76,교대역(법원.검찰청),서초구
OC-020,vending,8,98.69,역삼역,강남구
OC-020,vending,9,98.36,동대문역사문화공원역,중구
OC-020,vending,10,98.25,동대문패션타운 관광특구,중구
OC-008,luggage,1,92.35,종로·청계 관광특구,종로구
OC-008,luggage,2,92.29,명동 남대문 북창동 다동 무교동 관광특구,중구
OC-008,luggage,3,91.95,종로3가역,종로구
OC-008,luggage,4,91.64,동대문역사문화공원역,중구
OC-008,luggage,5,90.61,"신촌역(신촌역, 신촌로터리)",서대문구
OC-008,luggage,6,90.46,"총신대입구역(이수, 총신대)",동작구
OC-008,luggage,7,89.90,종각역,종로구
OC-008,luggage,8,89.76,신림역(신림),관악구
OC-008,luggage,9,89.75,동대문패션타운 관광특구,중구
OC-008,luggage,10,89.56,을지로3가역,중구
OC-001,booth,1,99.93,명동 남대문 북창동 다동 무교동 관광특구,중구
OC-001,booth,2,99.51,강남역,서초구
OC-001,booth,3,99.42,종로·청계 관광특구,종로구
OC-001,booth,4,99.29,잠실 관광특구,송파구
OC-001,booth,5,98.65,종로3가역,종로구
OC-001,booth,6,98.26,역삼역,강남구
OC-001,booth,7,98.22,동대문패션타운 관광특구,중구
OC-001,booth,8,97.85,선릉역,강남구
OC-001,booth,9,97.67,동대문역사문화공원역,중구
OC-001,booth,10,97.48,신논현역,강남구
